{
  "confusion_matrix": [
    [
      616,
      0,
      0
    ],
    [
      7,
      1177,
      4
    ],
    [
      0,
      0,
      596
    ]
  ],
  "classification_report": {
    "Thấp": {
      "precision": 0.9887640449438202,
      "recall": 1.0,
      "f1-score": 0.9943502824858758,
      "support": 616.0
    },
    "Trung bình": {
      "precision": 1.0,
      "recall": 0.9907407407407407,
      "f1-score": 0.9953488372093023,
      "support": 1188.0
    },
    "Cao": {
      "precision": 0.9933333333333333,
      "recall": 1.0,
      "f1-score": 0.9966555183946488,
      "support": 596.0
    },
    "accuracy": 0.9954166666666666,
    "macro avg": {
      "precision": 0.9940324594257178,
      "recall": 0.9969135802469135,
      "f1-score": 0.9954515460299422,
      "support": 2400.0
    },
    "weighted avg": {
      "precision": 0.9954605493133583,
      "recall": 0.9954166666666666,
      "f1-score": 0.9954170339913172,
      "support": 2400.0
    }
  },
  "high_class_recall": 1.0,
  "high_class_warning": false
}